SmallBox		
CarrotBox		
AppleBox		
OrangeBox		
GlassBottleBox		
BoxPallete_01	100	300
GroceryBox	1	30
GroceryBag	1	5
BoxPallete_02	200	400
BoxPallete_03	300	1000
PlasticPallete		
PowerBox		
ToyBoxes		
BottlePallete		
WoodPlank_14ft_5t		
Container_30ft_5t		
Container_30ft_10t		
Container_30ft_20t		
Container_20ft_01	3000	30000
Container_40ft_01	5000	30000
Log_30ft_30t		
Log_Oak_12ft	2000	3000
Log_Oak_24ft		
Log_20ft	3000	7000
Sand	1600	1600
FineSand	1800	1800
Coal	600	600
LimestoneRock	1500	2000
Limestone	2000	2400
QuicklimePallet		
IronOre	1600	3200
CopperOre	2200	2800
CopperConcentrate	1800	2300
Concrete	2300	2300
Fuel	800	800
Oil	800	800
CrudeOil	900	900
LiveFish_01		
TrashBag		
Trash_Big		
Sofa_01		
Sofa_02		
Sofa_03		
Sofa_04		
Bed_01		
Bed_02		
Bed_03		
Pizza_01		
Pizza_02		
Pizza_03		
Pizza_04		
Pizza_05		
Pizza_01_Premium		
Burger_01		
Burger_01_Signature		
MilitarySupplyBox_01_Empty		
MilitarySupplyBox_01		
Rice		
OrangeBoxes		
RicePallet		
PumpkinBox		
PumpkinPallet		
CornBox		
CornPallet		
BeanPallet		
HempPallet		
CabbagePallet		
ChilliPallet		
PotatoPallet		
CheesePallet		
CheeseBox		
Milk	1030	1030
MeatBox		
BreadBox		
BreadPallet		
AirlineMealPallet		
SnackBox		
GiftBox_01		
FormulaSCM		
Raven		
PlasticPipes_6m		
lHBeam_6m		
SteelCoil_10t		
CopperRodCoil_2t		
CircuitBoardPallet	1000	1000
Cement	1300	1500
Terra		
SunflowerSeed	350	450
Transformer_20MVA	30000	30000
Transformer_50MVA	60000	60000
Tank_250kL	30000	30000
Transformer_5MVA	60000	60000
